"Cage","Mouse","Tumor","ID","Day","Volume","Group","JQ1","RT","death","sac_day","last_day_obs","Baseline"
"A","485","R","485:R",0,461.43932643,"JQ1",1,0,0,NA,29,461.43932643
"A","485","L","485:L",0,49.9157322,"JQ1",1,0,0,NA,29,49.9157322
"A","497","R","497:R",0,137.867365083333,"JQ1",1,0,1,20,18,137.867365083333
"A","497","L","497:L",0,246.153972376667,"JQ1",1,0,0,20,18,246.153972376667
"A","489","R","489:R",0,117.58668075,"JQ1",1,0,1,20,18,117.58668075
"A","489","L","489:L",0,121.229062433333,"JQ1",1,0,0,20,18,121.229062433333
"A","487","R","487:R",0,199.789675946667,"JQ1",1,0,0,NA,29,199.789675946667
"A","487","L","487:L",0,498.17399175,"JQ1",1,0,0,NA,29,498.17399175
"A","475","R","475:R",0,259.948497916667,"JQ1",1,0,0,NA,29,259.948497916667
"A","475","L","475:L",0,186.22722048,"JQ1",1,0,0,NA,29,186.22722048
"B","421","R","421:R",0,453.646552406667,"JQ1+RT",1,1,1,20,18,453.646552406667
"B","421","L","421:L",0,228.492141196667,"JQ1+RT",1,1,0,20,18,228.492141196667
"B","571","R","571:R",0,138.411635413333,"JQ1+RT",1,1,0,NA,29,138.411635413333
"B","571","L","571:L",0,131.5048485,"JQ1+RT",1,1,0,NA,29,131.5048485
"B","481","R","481:R",0,362.829528746667,"JQ1+RT",1,1,0,20,18,362.829528746667
"B","481","L","481:L",0,141.709496296667,"JQ1+RT",1,1,1,20,18,141.709496296667
"B","495","R","495:R",0,125.334068166667,"JQ1+RT",1,1,0,NA,29,125.334068166667
"B","495","L","495:L",0,415.345269913333,"JQ1+RT",1,1,0,NA,29,415.345269913333
"B","488","R","488:R",0,147.9838668,"JQ1+RT",1,1,0,NA,29,147.9838668
"B","488","L","488:L",0,136.601775,"JQ1+RT",1,1,0,NA,29,136.601775
"C","no tag","R","no tag:R",0,104.403139026667,"RT",0,1,0,NA,29,104.403139026667
"C","no tag","L","no tag:L",0,166.587669196667,"RT",0,1,0,NA,29,166.587669196667
"C","477","R","477:R",0,135.34264128,"RT",0,1,1,20,18,135.34264128
"C","477","L","477:L",0,129.570511683333,"RT",0,1,0,20,18,129.570511683333
"C","424","R","424:R",0,199.120074086667,"RT",0,1,0,NA,29,199.120074086667
"C","424","L","424:L",0,221.350950666667,"RT",0,1,0,NA,29,221.350950666667
"C","484","R","484:R",0,226.25310192,"RT",0,1,0,20,18,226.25310192
"C","484","L","484:L",0,466.8416352,"RT",0,1,1,20,18,466.8416352
"C","483","R","483:R",0,577.04058675,"RT",0,1,0,NA,29,577.04058675
"C","483","L","483:L",0,51.3227819,"RT",0,1,0,NA,29,51.3227819
"D","479","R","479:R",0,408.3685552,"Vehicle",0,0,0,20,18,408.3685552
"D","479","L","479:L",0,402.553141226667,"Vehicle",0,0,1,20,18,402.553141226667
"D","480","R","480:R",0,141.47159472,"Vehicle",0,0,1,20,18,141.47159472
"D","480","L","480:L",0,149.943896666667,"Vehicle",0,0,0,20,18,149.943896666667
"D","420","R","420:R",0,310.249600746667,"Vehicle",0,0,0,20,18,310.249600746667
"D","420","L","420:L",0,133.63076352,"Vehicle",0,0,1,20,18,133.63076352
"D","423","R","423:R",0,160.62553506,"Vehicle",0,0,0,20,18,160.62553506
"D","423","L","423:L",0,263.97274128,"Vehicle",0,0,1,20,18,263.97274128
"D","422","R","422:R",0,174.287274186667,"Vehicle",0,0,1,20,18,174.287274186667
"D","422","L","422:L",0,137.41882812,"Vehicle",0,0,0,20,18,137.41882812
"A","485","R","485:R",1,134.783386346667,"JQ1",1,0,0,NA,29,461.43932643
"A","485","L","485:L",1,516.092449373333,"JQ1",1,0,0,NA,29,49.9157322
"A","497","R","497:R",1,229.111329833333,"JQ1",1,0,1,20,18,137.867365083333
"A","497","L","497:L",1,472.636328313333,"JQ1",1,0,0,20,18,246.153972376667
"A","489","R","489:R",1,157.440803666667,"JQ1",1,0,1,20,18,117.58668075
"A","489","L","489:L",1,85.23563598,"JQ1",1,0,0,20,18,121.229062433333
"A","487","R","487:R",1,310.716839026667,"JQ1",1,0,0,NA,29,199.789675946667
"A","487","L","487:L",1,587.88290784,"JQ1",1,0,0,NA,29,498.17399175
"A","475","R","475:R",1,276.803678796667,"JQ1",1,0,0,NA,29,259.948497916667
"A","475","L","475:L",1,103.1600528,"JQ1",1,0,0,NA,29,186.22722048
"B","421","R","421:R",1,373.0888026,"JQ1+RT",1,1,1,20,18,453.646552406667
"B","421","L","421:L",1,554.64496065,"JQ1+RT",1,1,0,20,18,228.492141196667
"B","571","R","571:R",1,169.875867776667,"JQ1+RT",1,1,0,NA,29,138.411635413333
"B","571","L","571:L",1,81.6714,"JQ1+RT",1,1,0,NA,29,131.5048485
"B","481","R","481:R",1,187.6599648,"JQ1+RT",1,1,0,20,18,362.829528746667
"B","481","L","481:L",1,306.452706466667,"JQ1+RT",1,1,1,20,18,141.709496296667
"B","495","R","495:R",1,116.28620736,"JQ1+RT",1,1,0,NA,29,125.334068166667
"B","495","L","495:L",1,370.445807033333,"JQ1+RT",1,1,0,NA,29,415.345269913333
"B","488","R","488:R",1,103.53877919,"JQ1+RT",1,1,0,NA,29,147.9838668
"B","488","L","488:L",1,105.5059782,"JQ1+RT",1,1,0,NA,29,136.601775
"C","no tag","R","no tag:R",1,239.84013312,"RT",0,1,0,NA,29,104.403139026667
"C","no tag","L","no tag:L",1,146.87516263,"RT",0,1,0,NA,29,166.587669196667
"C","477","R","477:R",1,195.840073,"RT",0,1,1,20,18,135.34264128
"C","477","L","477:L",1,98.9952667,"RT",0,1,0,20,18,129.570511683333
"C","424","R","424:R",1,325.491981333333,"RT",0,1,0,NA,29,199.120074086667
"C","424","L","424:L",1,231.06461184,"RT",0,1,0,NA,29,221.350950666667
"C","484","R","484:R",1,387.465304636667,"RT",0,1,0,20,18,226.25310192
"C","484","L","484:L",1,499.495971,"RT",0,1,1,20,18,466.8416352
"C","483","R","483:R",1,821.55977988,"RT",0,1,0,NA,29,577.04058675
"C","483","L","483:L",1,42.503825,"RT",0,1,0,NA,29,51.3227819
"D","479","R","479:R",1,667.562716263333,"Vehicle",0,0,0,20,18,408.3685552
"D","479","L","479:L",1,715.00996677,"Vehicle",0,0,1,20,18,402.553141226667
"D","480","R","480:R",1,203.900379733333,"Vehicle",0,0,1,20,18,141.47159472
"D","480","L","480:L",1,388.963234833333,"Vehicle",0,0,0,20,18,149.943896666667
"D","420","R","420:R",1,383.6322161,"Vehicle",0,0,0,20,18,310.249600746667
"D","420","L","420:L",1,524.02412025,"Vehicle",0,0,1,20,18,133.63076352
"D","423","R","423:R",1,74.0092243333333,"Vehicle",0,0,0,20,18,160.62553506
"D","423","L","423:L",1,412.20955392,"Vehicle",0,0,1,20,18,263.97274128
"D","422","R","422:R",1,203.24494032,"Vehicle",0,0,1,20,18,174.287274186667
"D","422","L","422:L",1,308.7793104,"Vehicle",0,0,0,20,18,137.41882812
"A","485","R","485:R",4,497.23873647,"JQ1",1,0,0,NA,29,461.43932643
"A","485","L","485:L",4,114.972297386667,"JQ1",1,0,0,NA,29,49.9157322
"A","497","R","497:R",4,485.391719,"JQ1",1,0,1,20,18,137.867365083333
"A","497","L","497:L",4,267.442610316667,"JQ1",1,0,0,20,18,246.153972376667
"A","489","R","489:R",4,111.594528213333,"JQ1",1,0,1,20,18,117.58668075
"A","489","L","489:L",4,60.4731291666667,"JQ1",1,0,0,20,18,121.229062433333
"A","487","R","487:R",4,270.11606964,"JQ1",1,0,0,NA,29,199.789675946667
"A","487","L","487:L",4,527.624469893333,"JQ1",1,0,0,NA,29,498.17399175
"A","475","R","475:R",4,286.01054711,"JQ1",1,0,0,NA,29,259.948497916667
"A","475","L","475:L",4,115.406775,"JQ1",1,0,0,NA,29,186.22722048
"B","421","R","421:R",4,373.059264096667,"JQ1+RT",1,1,1,20,18,453.646552406667
"B","421","L","421:L",4,373.046904533333,"JQ1+RT",1,1,0,20,18,228.492141196667
"B","571","R","571:R",4,142.27152228,"JQ1+RT",1,1,0,NA,29,138.411635413333
"B","571","L","571:L",4,109.09847104,"JQ1+RT",1,1,0,NA,29,131.5048485
"B","481","R","481:R",4,137.514206666667,"JQ1+RT",1,1,0,20,18,362.829528746667
"B","481","L","481:L",4,396.661507416667,"JQ1+RT",1,1,1,20,18,141.709496296667
"B","495","R","495:R",4,126.5525504,"JQ1+RT",1,1,0,NA,29,125.334068166667
"B","495","L","495:L",4,408.18140963,"JQ1+RT",1,1,0,NA,29,415.345269913333
"B","488","R","488:R",4,89.8617529733334,"JQ1+RT",1,1,0,NA,29,147.9838668
"B","488","L","488:L",4,73.3860704,"JQ1+RT",1,1,0,NA,29,136.601775
"C","no tag","R","no tag:R",4,115.92764134,"RT",0,1,0,NA,29,104.403139026667
"C","no tag","L","no tag:L",4,136.17265632,"RT",0,1,0,NA,29,166.587669196667
"C","477","R","477:R",4,103.274231573333,"RT",0,1,1,20,18,135.34264128
"C","477","L","477:L",4,79.9110375,"RT",0,1,0,20,18,129.570511683333
"C","424","R","424:R",4,367.274228053333,"RT",0,1,0,NA,29,199.120074086667
"C","424","L","424:L",4,282.18419492,"RT",0,1,0,NA,29,221.350950666667
"C","484","R","484:R",4,391.2864528,"RT",0,1,0,20,18,226.25310192
"C","484","L","484:L",4,405.92934354,"RT",0,1,1,20,18,466.8416352
"C","483","R","483:R",4,807.546005933333,"RT",0,1,0,NA,29,577.04058675
"C","483","L","483:L",4,78.99328144,"RT",0,1,0,NA,29,51.3227819
"D","479","R","479:R",4,845.622330453333,"Vehicle",0,0,0,20,18,408.3685552
"D","479","L","479:L",4,725.134979456667,"Vehicle",0,0,1,20,18,402.553141226667
"D","480","R","480:R",4,198.04366848,"Vehicle",0,0,1,20,18,141.47159472
"D","480","L","480:L",4,385.057010986667,"Vehicle",0,0,0,20,18,149.943896666667
"D","420","R","420:R",4,337.75741584,"Vehicle",0,0,0,20,18,310.249600746667
"D","420","L","420:L",4,544.549005,"Vehicle",0,0,1,20,18,133.63076352
"D","423","R","423:R",4,82.8852004933333,"Vehicle",0,0,0,20,18,160.62553506
"D","423","L","423:L",4,450.8569,"Vehicle",0,0,1,20,18,263.97274128
"D","422","R","422:R",4,313.300956453333,"Vehicle",0,0,1,20,18,174.287274186667
"D","422","L","422:L",4,306.367536583333,"Vehicle",0,0,0,20,18,137.41882812
"A","485","R","485:R",5,539.362824,"JQ1",1,0,0,NA,29,461.43932643
"A","485","L","485:L",5,84.1813192266667,"JQ1",1,0,0,NA,29,49.9157322
"A","497","R","497:R",5,395.71438032,"JQ1",1,0,1,20,18,137.867365083333
"A","497","L","497:L",5,199.78989627,"JQ1",1,0,0,20,18,246.153972376667
"A","489","R","489:R",5,53.82122652,"JQ1",1,0,1,20,18,117.58668075
"A","489","L","489:L",5,162.23046756,"JQ1",1,0,0,20,18,121.229062433333
"A","487","R","487:R",5,348.473267673333,"JQ1",1,0,0,NA,29,199.789675946667
"A","487","L","487:L",5,817.216056693333,"JQ1",1,0,0,NA,29,498.17399175
"A","475","R","475:R",5,249.630083733333,"JQ1",1,0,0,NA,29,259.948497916667
"A","475","L","475:L",5,127.400690566667,"JQ1",1,0,0,NA,29,186.22722048
"B","421","R","421:R",5,457.544656213333,"JQ1+RT",1,1,1,20,18,453.646552406667
"B","421","L","421:L",5,317.452226946667,"JQ1+RT",1,1,0,20,18,228.492141196667
"B","571","R","571:R",5,253.18367616,"JQ1+RT",1,1,0,NA,29,138.411635413333
"B","571","L","571:L",5,149.72145174,"JQ1+RT",1,1,0,NA,29,131.5048485
"B","481","R","481:R",5,488.133363946667,"JQ1+RT",1,1,0,20,18,362.829528746667
"B","481","L","481:L",5,163.62560724,"JQ1+RT",1,1,1,20,18,141.709496296667
"B","495","R","495:R",5,341.284900736667,"JQ1+RT",1,1,0,NA,29,125.334068166667
"B","495","L","495:L",5,133.96325184,"JQ1+RT",1,1,0,NA,29,415.345269913333
"B","488","R","488:R",5,59.4945994533333,"JQ1+RT",1,1,0,NA,29,147.9838668
"B","488","L","488:L",5,120.6182016,"JQ1+RT",1,1,0,NA,29,136.601775
"C","no tag","R","no tag:R",5,130.99924884,"RT",0,1,0,NA,29,104.403139026667
"C","no tag","L","no tag:L",5,142.622886186667,"RT",0,1,0,NA,29,166.587669196667
"C","477","R","477:R",5,124.716254326667,"RT",0,1,1,20,18,135.34264128
"C","477","L","477:L",5,93.51995136,"RT",0,1,0,20,18,129.570511683333
"C","424","R","424:R",5,255.841757333333,"RT",0,1,0,NA,29,199.120074086667
"C","424","L","424:L",5,422.46129282,"RT",0,1,0,NA,29,221.350950666667
"C","484","R","484:R",5,254.1810375,"RT",0,1,0,20,18,226.25310192
"C","484","L","484:L",5,401.7100125,"RT",0,1,1,20,18,466.8416352
"C","483","R","483:R",5,821.24515188,"RT",0,1,0,NA,29,577.04058675
"C","483","L","483:L",5,98.6459076833333,"RT",0,1,0,NA,29,51.3227819
"D","479","R","479:R",5,1082.76266174333,"Vehicle",0,0,0,20,18,408.3685552
"D","479","L","479:L",5,779.25778152,"Vehicle",0,0,1,20,18,402.553141226667
"D","480","R","480:R",5,189.01739465,"Vehicle",0,0,1,20,18,141.47159472
"D","480","L","480:L",5,369.44131266,"Vehicle",0,0,0,20,18,149.943896666667
"D","420","R","420:R",5,541.3779504,"Vehicle",0,0,0,20,18,310.249600746667
"D","420","L","420:L",5,615.91411959,"Vehicle",0,0,1,20,18,133.63076352
"D","423","R","423:R",5,316.040581333333,"Vehicle",0,0,0,20,18,160.62553506
"D","423","L","423:L",5,150.285189546667,"Vehicle",0,0,1,20,18,263.97274128
"D","422","R","422:R",5,371.169195,"Vehicle",0,0,1,20,18,174.287274186667
"D","422","L","422:L",5,314.059395193333,"Vehicle",0,0,0,20,18,137.41882812
"A","485","R","485:R",6,162.221098323333,"JQ1",1,0,0,NA,29,461.43932643
"A","485","L","485:L",6,552.49089082,"JQ1",1,0,0,NA,29,49.9157322
"A","497","R","497:R",6,513.342042256667,"JQ1",1,0,1,20,18,137.867365083333
"A","497","L","497:L",6,311.731335346667,"JQ1",1,0,0,20,18,246.153972376667
"A","489","R","489:R",6,180.71073503,"JQ1",1,0,1,20,18,117.58668075
"A","489","L","489:L",6,69.5805029166667,"JQ1",1,0,0,20,18,121.229062433333
"A","487","R","487:R",6,796.326150083333,"JQ1",1,0,0,NA,29,199.789675946667
"A","487","L","487:L",6,396.75545517,"JQ1",1,0,0,NA,29,498.17399175
"A","475","R","475:R",6,319.903147666667,"JQ1",1,0,0,NA,29,259.948497916667
"A","475","L","475:L",6,226.591902163333,"JQ1",1,0,0,NA,29,186.22722048
"B","421","R","421:R",6,399.67336611,"JQ1+RT",1,1,1,20,18,453.646552406667
"B","421","L","421:L",6,360.3327096,"JQ1+RT",1,1,0,20,18,228.492141196667
"B","571","R","571:R",6,148.381897386667,"JQ1+RT",1,1,0,NA,29,138.411635413333
"B","571","L","571:L",6,263.390265,"JQ1+RT",1,1,0,NA,29,131.5048485
"B","481","R","481:R",6,643.7522496,"JQ1+RT",1,1,0,20,18,362.829528746667
"B","481","L","481:L",6,180.866360756667,"JQ1+RT",1,1,1,20,18,141.709496296667
"B","495","R","495:R",6,373.695168,"JQ1+RT",1,1,0,NA,29,125.334068166667
"B","495","L","495:L",6,308.78320086,"JQ1+RT",1,1,0,NA,29,415.345269913333
"B","488","R","488:R",6,135.7877928,"JQ1+RT",1,1,0,NA,29,147.9838668
"B","488","L","488:L",6,120.813855,"JQ1+RT",1,1,0,NA,29,136.601775
"C","no tag","R","no tag:R",6,288.88994752,"RT",0,1,0,NA,29,104.403139026667
"C","no tag","L","no tag:L",6,153.291032,"RT",0,1,0,NA,29,166.587669196667
"C","477","R","477:R",6,123.41504984,"RT",0,1,1,20,18,135.34264128
"C","477","L","477:L",6,157.7721731,"RT",0,1,0,20,18,129.570511683333
"C","424","R","424:R",6,382.53988075,"RT",0,1,0,NA,29,199.120074086667
"C","424","L","424:L",6,353.2134033,"RT",0,1,0,NA,29,221.350950666667
"C","484","R","484:R",6,309.851917653333,"RT",0,1,0,20,18,226.25310192
"C","484","L","484:L",6,357.711680426667,"RT",0,1,1,20,18,466.8416352
"C","483","R","483:R",6,967.36757016,"RT",0,1,0,NA,29,577.04058675
"C","483","L","483:L",6,147.442520856667,"RT",0,1,0,NA,29,51.3227819
"D","479","R","479:R",6,1117.80793013333,"Vehicle",0,0,0,20,18,408.3685552
"D","479","L","479:L",6,1064.563149,"Vehicle",0,0,1,20,18,402.553141226667
"D","480","R","480:R",6,412.82855625,"Vehicle",0,0,1,20,18,141.47159472
"D","480","L","480:L",6,179.311701226667,"Vehicle",0,0,0,20,18,149.943896666667
"D","420","R","420:R",6,565.55489536,"Vehicle",0,0,0,20,18,310.249600746667
"D","420","L","420:L",6,638.849118666667,"Vehicle",0,0,1,20,18,133.63076352
"D","423","R","423:R",6,124.571503466667,"Vehicle",0,0,0,20,18,160.62553506
"D","423","L","423:L",6,498.01625856,"Vehicle",0,0,1,20,18,263.97274128
"D","422","R","422:R",6,470.551137,"Vehicle",0,0,1,20,18,174.287274186667
"D","422","L","422:L",6,542.74603584,"Vehicle",0,0,0,20,18,137.41882812
"A","485","R","485:R",7,670.39394541,"JQ1",1,0,0,NA,29,461.43932643
"A","485","L","485:L",7,159.23956104,"JQ1",1,0,0,NA,29,49.9157322
"A","497","R","497:R",7,288.526122,"JQ1",1,0,1,20,18,137.867365083333
"A","497","L","497:L",7,526.675968,"JQ1",1,0,0,20,18,246.153972376667
"A","489","R","489:R",7,152.761967643333,"JQ1",1,0,1,20,18,117.58668075
"A","489","L","489:L",7,81.8206965333333,"JQ1",1,0,0,20,18,121.229062433333
"A","487","R","487:R",7,427.942383666667,"JQ1",1,0,0,NA,29,199.789675946667
"A","487","L","487:L",7,901.49128704,"JQ1",1,0,0,NA,29,498.17399175
"A","475","R","475:R",7,391.06444224,"JQ1",1,0,0,NA,29,259.948497916667
"A","475","L","475:L",7,141.279382236667,"JQ1",1,0,0,NA,29,186.22722048
"B","421","R","421:R",7,368.25035776,"JQ1+RT",1,1,1,20,18,453.646552406667
"B","421","L","421:L",7,434.53276848,"JQ1+RT",1,1,0,20,18,228.492141196667
"B","571","R","571:R",7,218.344840266667,"JQ1+RT",1,1,0,NA,29,138.411635413333
"B","571","L","571:L",7,157.32360055,"JQ1+RT",1,1,0,NA,29,131.5048485
"B","481","R","481:R",7,198.679237973333,"JQ1+RT",1,1,0,20,18,362.829528746667
"B","481","L","481:L",7,706.70510166,"JQ1+RT",1,1,1,20,18,141.709496296667
"B","495","R","495:R",7,489.71453973,"JQ1+RT",1,1,0,NA,29,125.334068166667
"B","495","L","495:L",7,217.046588426667,"JQ1+RT",1,1,0,NA,29,415.345269913333
"B","488","R","488:R",7,163.581346323333,"JQ1+RT",1,1,0,NA,29,147.9838668
"B","488","L","488:L",7,107.84980608,"JQ1+RT",1,1,0,NA,29,136.601775
"C","no tag","R","no tag:R",7,265.231875,"RT",0,1,0,NA,29,104.403139026667
"C","no tag","L","no tag:L",7,120.646202026667,"RT",0,1,0,NA,29,166.587669196667
"C","477","R","477:R",7,165.227996863333,"RT",0,1,1,20,18,135.34264128
"C","477","L","477:L",7,121.55858136,"RT",0,1,0,20,18,129.570511683333
"C","424","R","424:R",7,423.59528184,"RT",0,1,0,NA,29,199.120074086667
"C","424","L","424:L",7,465.135796183333,"RT",0,1,0,NA,29,221.350950666667
"C","484","R","484:R",7,259.607094613333,"RT",0,1,0,20,18,226.25310192
"C","484","L","484:L",7,537.092646913333,"RT",0,1,1,20,18,466.8416352
"C","483","R","483:R",7,975.296476266667,"RT",0,1,0,NA,29,577.04058675
"C","483","L","483:L",7,141.821096083333,"RT",0,1,0,NA,29,51.3227819
"D","479","R","479:R",7,1341.47251653333,"Vehicle",0,0,0,20,18,408.3685552
"D","479","L","479:L",7,1360.81106637,"Vehicle",0,0,1,20,18,402.553141226667
"D","480","R","480:R",7,402.28996893,"Vehicle",0,0,1,20,18,141.47159472
"D","480","L","480:L",7,211.623597,"Vehicle",0,0,0,20,18,149.943896666667
"D","420","R","420:R",7,545.39486919,"Vehicle",0,0,0,20,18,310.249600746667
"D","420","L","420:L",7,455.050540606667,"Vehicle",0,0,1,20,18,133.63076352
"D","423","R","423:R",7,199.82066199,"Vehicle",0,0,0,20,18,160.62553506
"D","423","L","423:L",7,425.0033175,"Vehicle",0,0,1,20,18,263.97274128
"D","422","R","422:R",7,409.3965755,"Vehicle",0,0,1,20,18,174.287274186667
"D","422","L","422:L",7,415.24123491,"Vehicle",0,0,0,20,18,137.41882812
"A","485","R","485:R",8,257.32696896,"JQ1",1,0,0,NA,29,461.43932643
"A","485","L","485:L",8,645.04886864,"JQ1",1,0,0,NA,29,49.9157322
"A","497","R","497:R",8,604.712326066667,"JQ1",1,0,1,20,18,137.867365083333
"A","497","L","497:L",8,391.609429013333,"JQ1",1,0,0,20,18,246.153972376667
"A","489","R","489:R",8,310.141300053333,"JQ1",1,0,1,20,18,117.58668075
"A","489","L","489:L",8,172.74200064,"JQ1",1,0,0,20,18,121.229062433333
"A","487","R","487:R",8,455.46257664,"JQ1",1,0,0,NA,29,199.789675946667
"A","487","L","487:L",8,961.35895251,"JQ1",1,0,0,NA,29,498.17399175
"A","475","R","475:R",8,472.95749484,"JQ1",1,0,0,NA,29,259.948497916667
"A","475","L","475:L",8,211.550072853333,"JQ1",1,0,0,NA,29,186.22722048
"B","421","R","421:R",8,396.90666972,"JQ1+RT",1,1,1,20,18,453.646552406667
"B","421","L","421:L",8,550.267600213333,"JQ1+RT",1,1,0,20,18,228.492141196667
"B","571","R","571:R",8,209.724131453333,"JQ1+RT",1,1,0,NA,29,138.411635413333
"B","571","L","571:L",8,141.21499392,"JQ1+RT",1,1,0,NA,29,131.5048485
"B","481","R","481:R",8,215.340237066667,"JQ1+RT",1,1,0,20,18,362.829528746667
"B","481","L","481:L",8,659.18846448,"JQ1+RT",1,1,1,20,18,141.709496296667
"B","495","R","495:R",8,438.86841768,"JQ1+RT",1,1,0,NA,29,125.334068166667
"B","495","L","495:L",8,340.9543566,"JQ1+RT",1,1,0,NA,29,415.345269913333
"B","488","R","488:R",8,130.69075326,"JQ1+RT",1,1,0,NA,29,147.9838668
"B","488","L","488:L",8,234.56824896,"JQ1+RT",1,1,0,NA,29,136.601775
"C","no tag","R","no tag:R",8,164.714823,"RT",0,1,0,NA,29,104.403139026667
"C","no tag","L","no tag:L",8,293.25793872,"RT",0,1,0,NA,29,166.587669196667
"C","477","R","477:R",8,105.598015786667,"RT",0,1,1,20,18,135.34264128
"C","477","L","477:L",8,160.84660048,"RT",0,1,0,20,18,129.570511683333
"C","424","R","424:R",8,370.12872303,"RT",0,1,0,NA,29,199.120074086667
"C","424","L","424:L",8,534.293825706667,"RT",0,1,0,NA,29,221.350950666667
"C","484","R","484:R",8,352.91783667,"RT",0,1,0,20,18,226.25310192
"C","484","L","484:L",8,493.771136083333,"RT",0,1,1,20,18,466.8416352
"C","483","R","483:R",8,173.32304508,"RT",0,1,0,NA,29,577.04058675
"C","483","L","483:L",8,1081.16365076,"RT",0,1,0,NA,29,51.3227819
"D","479","R","479:R",8,1250.93103886333,"Vehicle",0,0,0,20,18,408.3685552
"D","479","L","479:L",8,1377.4952664,"Vehicle",0,0,1,20,18,402.553141226667
"D","480","R","480:R",8,746.44680839,"Vehicle",0,0,1,20,18,141.47159472
"D","480","L","480:L",8,309.22424526,"Vehicle",0,0,0,20,18,149.943896666667
"D","420","R","420:R",8,635.538372793333,"Vehicle",0,0,0,20,18,310.249600746667
"D","420","L","420:L",8,479.1358656,"Vehicle",0,0,1,20,18,133.63076352
"D","423","R","423:R",8,153.43657728,"Vehicle",0,0,0,20,18,160.62553506
"D","423","L","423:L",8,505.1285344,"Vehicle",0,0,1,20,18,263.97274128
"D","422","R","422:R",8,501.53928832,"Vehicle",0,0,1,20,18,174.287274186667
"D","422","L","422:L",8,464.50215936,"Vehicle",0,0,0,20,18,137.41882812
"A","485","R","485:R",11,769.534348666667,"JQ1",1,0,0,NA,29,461.43932643
"A","485","L","485:L",11,286.505120136667,"JQ1",1,0,0,NA,29,49.9157322
"A","497","R","497:R",11,574.71736512,"JQ1",1,0,1,20,18,137.867365083333
"A","497","L","497:L",11,672.04790273,"JQ1",1,0,0,20,18,246.153972376667
"A","489","R","489:R",11,179.24814972,"JQ1",1,0,1,20,18,117.58668075
"A","489","L","489:L",11,411.818129893333,"JQ1",1,0,0,20,18,121.229062433333
"A","487","R","487:R",11,693.83237807,"JQ1",1,0,0,NA,29,199.789675946667
"A","487","L","487:L",11,1206.47749628,"JQ1",1,0,0,NA,29,498.17399175
"A","475","R","475:R",11,581.975116636667,"JQ1",1,0,0,NA,29,259.948497916667
"A","475","L","475:L",11,241.2770976,"JQ1",1,0,0,NA,29,186.22722048
"B","421","R","421:R",11,402.45370737,"JQ1+RT",1,1,1,20,18,453.646552406667
"B","421","L","421:L",11,683.8075026,"JQ1+RT",1,1,0,20,18,228.492141196667
"B","571","R","571:R",11,141.79287952,"JQ1+RT",1,1,0,NA,29,138.411635413333
"B","571","L","571:L",11,254.99894784,"JQ1+RT",1,1,0,NA,29,131.5048485
"B","481","R","481:R",11,226.45992744,"JQ1+RT",1,1,0,20,18,362.829528746667
"B","481","L","481:L",11,637.266776373333,"JQ1+RT",1,1,1,20,18,141.709496296667
"B","495","R","495:R",11,516.038028986667,"JQ1+RT",1,1,0,NA,29,125.334068166667
"B","495","L","495:L",11,495.309137913333,"JQ1+RT",1,1,0,NA,29,415.345269913333
"B","488","R","488:R",11,170.06868942,"JQ1+RT",1,1,0,NA,29,147.9838668
"B","488","L","488:L",11,216.36519168,"JQ1+RT",1,1,0,NA,29,136.601775
"C","no tag","R","no tag:R",11,776.344066666667,"RT",0,1,0,NA,29,104.403139026667
"C","no tag","L","no tag:L",11,172.530792726667,"RT",0,1,0,NA,29,166.587669196667
"C","477","R","477:R",11,402.79096692,"RT",0,1,1,20,18,135.34264128
"C","477","L","477:L",11,148.593998106667,"RT",0,1,0,20,18,129.570511683333
"C","424","R","424:R",11,627.935992146667,"RT",0,1,0,NA,29,199.120074086667
"C","424","L","424:L",11,365.17259727,"RT",0,1,0,NA,29,221.350950666667
"C","484","R","484:R",11,340.38216696,"RT",0,1,0,20,18,226.25310192
"C","484","L","484:L",11,648.790810826667,"RT",0,1,1,20,18,466.8416352
"C","483","R","483:R",11,1234.30304535667,"RT",0,1,0,NA,29,577.04058675
"C","483","L","483:L",11,283.589680376667,"RT",0,1,0,NA,29,51.3227819
"D","479","R","479:R",11,1530.86537616,"Vehicle",0,0,0,20,18,408.3685552
"D","479","L","479:L",11,1613.01727152,"Vehicle",0,0,1,20,18,402.553141226667
"D","480","R","480:R",11,693.326270776667,"Vehicle",0,0,1,20,18,141.47159472
"D","480","L","480:L",11,375.3065375,"Vehicle",0,0,0,20,18,149.943896666667
"D","420","R","420:R",11,684.349021766667,"Vehicle",0,0,0,20,18,310.249600746667
"D","420","L","420:L",11,903.265954333333,"Vehicle",0,0,1,20,18,133.63076352
"D","423","R","423:R",11,166.56690176,"Vehicle",0,0,0,20,18,160.62553506
"D","423","L","423:L",11,812.21768328,"Vehicle",0,0,1,20,18,263.97274128
"D","422","R","422:R",11,643.35122293,"Vehicle",0,0,1,20,18,174.287274186667
"D","422","L","422:L",11,488.87567774,"Vehicle",0,0,0,20,18,137.41882812
"A","485","R","485:R",14,720.05455104,"JQ1",1,0,0,NA,29,461.43932643
"A","485","L","485:L",14,257.094408,"JQ1",1,0,0,NA,29,49.9157322
"A","497","R","497:R",14,693.911478333333,"JQ1",1,0,1,20,18,137.867365083333
"A","497","L","497:L",14,792.137952666667,"JQ1",1,0,0,20,18,246.153972376667
"A","489","R","489:R",14,203.56608225,"JQ1",1,0,1,20,18,117.58668075
"A","489","L","489:L",14,501.573413316667,"JQ1",1,0,0,20,18,121.229062433333
"A","487","R","487:R",14,686.70041286,"JQ1",1,0,0,NA,29,199.789675946667
"A","487","L","487:L",14,1535.81566152,"JQ1",1,0,0,NA,29,498.17399175
"A","475","R","475:R",14,731.204107,"JQ1",1,0,0,NA,29,259.948497916667
"A","475","L","475:L",14,209.07667235,"JQ1",1,0,0,NA,29,186.22722048
"B","421","R","421:R",14,831.454765063333,"JQ1+RT",1,1,1,20,18,453.646552406667
"B","421","L","421:L",14,458.828362003333,"JQ1+RT",1,1,0,20,18,228.492141196667
"B","571","R","571:R",14,133.81082368,"JQ1+RT",1,1,0,NA,29,138.411635413333
"B","571","L","571:L",14,325.386773016667,"JQ1+RT",1,1,0,NA,29,131.5048485
"B","481","R","481:R",14,507.075222406667,"JQ1+RT",1,1,0,20,18,362.829528746667
"B","481","L","481:L",14,362.70158683,"JQ1+RT",1,1,1,20,18,141.709496296667
"B","495","R","495:R",14,316.45050624,"JQ1+RT",1,1,0,NA,29,125.334068166667
"B","495","L","495:L",14,468.007004333333,"JQ1+RT",1,1,0,NA,29,415.345269913333
"B","488","R","488:R",14,182.87859888,"JQ1+RT",1,1,0,NA,29,147.9838668
"B","488","L","488:L",14,284.12241644,"JQ1+RT",1,1,0,NA,29,136.601775
"C","no tag","R","no tag:R",14,1025.30870485333,"RT",0,1,0,NA,29,104.403139026667
"C","no tag","L","no tag:L",14,170.933598233333,"RT",0,1,0,NA,29,166.587669196667
"C","477","R","477:R",14,340.789852,"RT",0,1,1,20,18,135.34264128
"C","477","L","477:L",14,213.55881197,"RT",0,1,0,20,18,129.570511683333
"C","424","R","424:R",14,845.064021706667,"RT",0,1,0,NA,29,199.120074086667
"C","424","L","424:L",14,482.973591916667,"RT",0,1,0,NA,29,221.350950666667
"C","484","R","484:R",14,451.894408333333,"RT",0,1,0,20,18,226.25310192
"C","484","L","484:L",14,779.40921744,"RT",0,1,1,20,18,466.8416352
"C","483","R","483:R",14,1372.15286673667,"RT",0,1,0,NA,29,577.04058675
"C","483","L","483:L",14,357.38916213,"RT",0,1,0,NA,29,51.3227819
"D","479","R","479:R",14,2012.83393414667,"Vehicle",0,0,0,20,18,408.3685552
"D","479","L","479:L",14,1890.01775976,"Vehicle",0,0,1,20,18,402.553141226667
"D","480","R","480:R",14,778.56937263,"Vehicle",0,0,1,20,18,141.47159472
"D","480","L","480:L",14,547.179811086667,"Vehicle",0,0,0,20,18,149.943896666667
"D","420","R","420:R",14,871.33771004,"Vehicle",0,0,0,20,18,310.249600746667
"D","420","L","420:L",14,1050.93281458333,"Vehicle",0,0,1,20,18,133.63076352
"D","423","R","423:R",14,492.72285912,"Vehicle",0,0,0,20,18,160.62553506
"D","423","L","423:L",14,914.044010613333,"Vehicle",0,0,1,20,18,263.97274128
"D","422","R","422:R",14,769.790608253333,"Vehicle",0,0,1,20,18,174.287274186667
"D","422","L","422:L",14,651.30361362,"Vehicle",0,0,0,20,18,137.41882812
"A","485","R","485:R",18,771.236471493333,"JQ1",1,0,0,NA,29,461.43932643
"A","485","L","485:L",18,266.94034743,"JQ1",1,0,0,NA,29,49.9157322
"A","497","R","497:R",18,977.08776672,"JQ1",1,0,1,20,18,137.867365083333
"A","497","L","497:L",18,822.50888256,"JQ1",1,0,0,20,18,246.153972376667
"A","489","R","489:R",18,617.79554793,"JQ1",1,0,1,20,18,117.58668075
"A","489","L","489:L",18,357.89881239,"JQ1",1,0,0,20,18,121.229062433333
"A","487","R","487:R",18,831.640094666667,"JQ1",1,0,0,NA,29,199.789675946667
"A","487","L","487:L",18,1535.05114897333,"JQ1",1,0,0,NA,29,498.17399175
"A","475","R","475:R",18,827.13912813,"JQ1",1,0,0,NA,29,259.948497916667
"A","475","L","475:L",18,272.430534333333,"JQ1",1,0,0,NA,29,186.22722048
"B","421","R","421:R",18,871.405624576667,"JQ1+RT",1,1,1,20,18,453.646552406667
"B","421","L","421:L",18,474.96062016,"JQ1+RT",1,1,0,20,18,228.492141196667
"B","571","R","571:R",18,432.949323,"JQ1+RT",1,1,0,NA,29,138.411635413333
"B","571","L","571:L",18,159.51177392,"JQ1+RT",1,1,0,NA,29,131.5048485
"B","481","R","481:R",18,385.32090025,"JQ1+RT",1,1,0,20,18,362.829528746667
"B","481","L","481:L",18,564.317450666667,"JQ1+RT",1,1,1,20,18,141.709496296667
"B","495","R","495:R",18,529.02237696,"JQ1+RT",1,1,0,NA,29,125.334068166667
"B","495","L","495:L",18,369.89933504,"JQ1+RT",1,1,0,NA,29,415.345269913333
"B","488","R","488:R",18,257.26283289,"JQ1+RT",1,1,0,NA,29,147.9838668
"B","488","L","488:L",18,223.744214706667,"JQ1+RT",1,1,0,NA,29,136.601775
"C","no tag","R","no tag:R",18,1104.92826348,"RT",0,1,0,NA,29,104.403139026667
"C","no tag","L","no tag:L",18,202.932263306667,"RT",0,1,0,NA,29,166.587669196667
"C","477","R","477:R",18,363.48153928,"RT",0,1,1,20,18,135.34264128
"C","477","L","477:L",18,199.8006021,"RT",0,1,0,20,18,129.570511683333
"C","424","R","424:R",18,1002.65077833,"RT",0,1,0,NA,29,199.120074086667
"C","424","L","424:L",18,512.15508981,"RT",0,1,0,NA,29,221.350950666667
"C","484","R","484:R",18,566.96934447,"RT",0,1,0,20,18,226.25310192
"C","484","L","484:L",18,900.769349753333,"RT",0,1,1,20,18,466.8416352
"C","483","R","483:R",18,1409.8304055,"RT",0,1,0,NA,29,577.04058675
"C","483","L","483:L",18,382.88434503,"RT",0,1,0,NA,29,51.3227819
"D","479","R","479:R",18,2027.43360906667,"Vehicle",0,0,0,20,18,408.3685552
"D","479","L","479:L",18,2589.5263959,"Vehicle",0,0,1,20,18,402.553141226667
"D","480","R","480:R",18,736.93382514,"Vehicle",0,0,1,20,18,141.47159472
"D","480","L","480:L",18,286.3149497,"Vehicle",0,0,0,20,18,149.943896666667
"D","420","R","420:R",18,1281.97057994667,"Vehicle",0,0,0,20,18,310.249600746667
"D","420","L","420:L",18,1448.93377692,"Vehicle",0,0,1,20,18,133.63076352
"D","423","R","423:R",18,582.94587956,"Vehicle",0,0,0,20,18,160.62553506
"D","423","L","423:L",18,1022.81609016667,"Vehicle",0,0,1,20,18,263.97274128
"D","422","R","422:R",18,873.08669318,"Vehicle",0,0,1,20,18,174.287274186667
"D","422","L","422:L",18,869.849008826666,"Vehicle",0,0,0,20,18,137.41882812
"A","485","R","485:R",20,704.25448866,"JQ1",1,0,0,NA,29,461.43932643
"A","485","L","485:L",20,276.955707653333,"JQ1",1,0,0,NA,29,49.9157322
"A","497","R","497:R",20,NA,"JQ1",1,0,1,20,18,137.867365083333
"A","497","L","497:L",20,NA,"JQ1",1,0,0,20,18,246.153972376667
"A","489","R","489:R",20,NA,"JQ1",1,0,1,20,18,117.58668075
"A","489","L","489:L",20,NA,"JQ1",1,0,0,20,18,121.229062433333
"A","487","R","487:R",20,940.2584304,"JQ1",1,0,0,NA,29,199.789675946667
"A","487","L","487:L",20,1690.17387276,"JQ1",1,0,0,NA,29,498.17399175
"A","475","R","475:R",20,1087.04269788,"JQ1",1,0,0,NA,29,259.948497916667
"A","475","L","475:L",20,346.33516893,"JQ1",1,0,0,NA,29,186.22722048
"B","421","R","421:R",20,NA,"JQ1+RT",1,1,1,20,18,453.646552406667
"B","421","L","421:L",20,NA,"JQ1+RT",1,1,0,20,18,228.492141196667
"B","571","R","571:R",20,510.475682266667,"JQ1+RT",1,1,0,NA,29,138.411635413333
"B","571","L","571:L",20,190.357476,"JQ1+RT",1,1,0,NA,29,131.5048485
"B","481","R","481:R",20,NA,"JQ1+RT",1,1,0,20,18,362.829528746667
"B","481","L","481:L",20,NA,"JQ1+RT",1,1,1,20,18,141.709496296667
"B","495","R","495:R",20,589.4408,"JQ1+RT",1,1,0,NA,29,125.334068166667
"B","495","L","495:L",20,472.190006096667,"JQ1+RT",1,1,0,NA,29,415.345269913333
"B","488","R","488:R",20,420.75336204,"JQ1+RT",1,1,0,NA,29,147.9838668
"B","488","L","488:L",20,315.043804556667,"JQ1+RT",1,1,0,NA,29,136.601775
"C","no tag","R","no tag:R",20,1174.80035307667,"RT",0,1,0,NA,29,104.403139026667
"C","no tag","L","no tag:L",20,235.270145196667,"RT",0,1,0,NA,29,166.587669196667
"C","477","R","477:R",20,NA,"RT",0,1,1,20,18,135.34264128
"C","477","L","477:L",20,NA,"RT",0,1,0,20,18,129.570511683333
"C","424","R","424:R",20,491.74570368,"RT",0,1,0,NA,29,199.120074086667
"C","424","L","424:L",20,947.4635215,"RT",0,1,0,NA,29,221.350950666667
"C","484","R","484:R",20,NA,"RT",0,1,0,20,18,226.25310192
"C","484","L","484:L",20,NA,"RT",0,1,1,20,18,466.8416352
"C","483","R","483:R",20,1617.62856666667,"RT",0,1,0,NA,29,577.04058675
"C","483","L","483:L",20,437.2490349,"RT",0,1,0,NA,29,51.3227819
"D","479","R","479:R",20,NA,"Vehicle",0,0,0,20,18,408.3685552
"D","479","L","479:L",20,NA,"Vehicle",0,0,1,20,18,402.553141226667
"D","480","R","480:R",20,NA,"Vehicle",0,0,1,20,18,141.47159472
"D","480","L","480:L",20,NA,"Vehicle",0,0,0,20,18,149.943896666667
"D","420","R","420:R",20,NA,"Vehicle",0,0,0,20,18,310.249600746667
"D","420","L","420:L",20,NA,"Vehicle",0,0,1,20,18,133.63076352
"D","423","R","423:R",20,NA,"Vehicle",0,0,0,20,18,160.62553506
"D","423","L","423:L",20,NA,"Vehicle",0,0,1,20,18,263.97274128
"D","422","R","422:R",20,NA,"Vehicle",0,0,1,20,18,174.287274186667
"D","422","L","422:L",20,NA,"Vehicle",0,0,0,20,18,137.41882812
"A","485","R","485:R",22,406.723572,"JQ1",1,0,0,NA,29,461.43932643
"A","485","L","485:L",22,836.59922436,"JQ1",1,0,0,NA,29,49.9157322
"A","497","R","497:R",22,NA,"JQ1",1,0,1,20,18,137.867365083333
"A","497","L","497:L",22,NA,"JQ1",1,0,0,20,18,246.153972376667
"A","489","R","489:R",22,NA,"JQ1",1,0,1,20,18,117.58668075
"A","489","L","489:L",22,NA,"JQ1",1,0,0,20,18,121.229062433333
"A","487","R","487:R",22,917.594213933333,"JQ1",1,0,0,NA,29,199.789675946667
"A","487","L","487:L",22,1442.19613866667,"JQ1",1,0,0,NA,29,498.17399175
"A","475","R","475:R",22,384.7918338,"JQ1",1,0,0,NA,29,259.948497916667
"A","475","L","475:L",22,1065.80814016,"JQ1",1,0,0,NA,29,186.22722048
"B","421","R","421:R",22,NA,"JQ1+RT",1,1,1,20,18,453.646552406667
"B","421","L","421:L",22,NA,"JQ1+RT",1,1,0,20,18,228.492141196667
"B","571","R","571:R",22,503.578651333333,"JQ1+RT",1,1,0,NA,29,138.411635413333
"B","571","L","571:L",22,206.09515914,"JQ1+RT",1,1,0,NA,29,131.5048485
"B","481","R","481:R",22,NA,"JQ1+RT",1,1,0,20,18,362.829528746667
"B","481","L","481:L",22,NA,"JQ1+RT",1,1,1,20,18,141.709496296667
"B","495","R","495:R",22,523.17831258,"JQ1+RT",1,1,0,NA,29,125.334068166667
"B","495","L","495:L",22,687.26882508,"JQ1+RT",1,1,0,NA,29,415.345269913333
"B","488","R","488:R",22,284.944309346667,"JQ1+RT",1,1,0,NA,29,147.9838668
"B","488","L","488:L",22,604.05237081,"JQ1+RT",1,1,0,NA,29,136.601775
"C","no tag","R","no tag:R",22,752.61835593,"RT",0,1,0,NA,29,104.403139026667
"C","no tag","L","no tag:L",22,235.270145196667,"RT",0,1,0,NA,29,166.587669196667
"C","477","R","477:R",22,NA,"RT",0,1,1,20,18,135.34264128
"C","477","L","477:L",22,NA,"RT",0,1,0,20,18,129.570511683333
"C","424","R","424:R",22,503.8916256,"RT",0,1,0,NA,29,199.120074086667
"C","424","L","424:L",22,883.407491146667,"RT",0,1,0,NA,29,221.350950666667
"C","484","R","484:R",22,NA,"RT",0,1,0,20,18,226.25310192
"C","484","L","484:L",22,NA,"RT",0,1,1,20,18,466.8416352
"C","483","R","483:R",22,1734.61547968,"RT",0,1,0,NA,29,577.04058675
"C","483","L","483:L",22,828.699941013333,"RT",0,1,0,NA,29,51.3227819
"D","479","R","479:R",22,NA,"Vehicle",0,0,0,20,18,408.3685552
"D","479","L","479:L",22,NA,"Vehicle",0,0,1,20,18,402.553141226667
"D","480","R","480:R",22,NA,"Vehicle",0,0,1,20,18,141.47159472
"D","480","L","480:L",22,NA,"Vehicle",0,0,0,20,18,149.943896666667
"D","420","R","420:R",22,NA,"Vehicle",0,0,0,20,18,310.249600746667
"D","420","L","420:L",22,NA,"Vehicle",0,0,1,20,18,133.63076352
"D","423","R","423:R",22,NA,"Vehicle",0,0,0,20,18,160.62553506
"D","423","L","423:L",22,NA,"Vehicle",0,0,1,20,18,263.97274128
"D","422","R","422:R",22,NA,"Vehicle",0,0,1,20,18,174.287274186667
"D","422","L","422:L",22,NA,"Vehicle",0,0,0,20,18,137.41882812
"A","485","R","485:R",25,929.542377083333,"JQ1",1,0,0,NA,29,461.43932643
"A","485","L","485:L",25,386.315442916667,"JQ1",1,0,0,NA,29,49.9157322
"A","497","R","497:R",25,NA,"JQ1",1,0,1,20,18,137.867365083333
"A","497","L","497:L",25,NA,"JQ1",1,0,0,20,18,246.153972376667
"A","489","R","489:R",25,NA,"JQ1",1,0,1,20,18,117.58668075
"A","489","L","489:L",25,NA,"JQ1",1,0,0,20,18,121.229062433333
"A","487","R","487:R",25,930.747441573333,"JQ1",1,0,0,NA,29,199.789675946667
"A","487","L","487:L",25,1825.27843976333,"JQ1",1,0,0,NA,29,498.17399175
"A","475","R","475:R",25,624.0511674,"JQ1",1,0,0,NA,29,259.948497916667
"A","475","L","475:L",25,1523.24670676333,"JQ1",1,0,0,NA,29,186.22722048
"B","421","R","421:R",25,NA,"JQ1+RT",1,1,1,20,18,453.646552406667
"B","421","L","421:L",25,NA,"JQ1+RT",1,1,0,20,18,228.492141196667
"B","571","R","571:R",25,624.0511674,"JQ1+RT",1,1,0,NA,29,138.411635413333
"B","571","L","571:L",25,252.503532273333,"JQ1+RT",1,1,0,NA,29,131.5048485
"B","481","R","481:R",25,NA,"JQ1+RT",1,1,0,20,18,362.829528746667
"B","481","L","481:L",25,NA,"JQ1+RT",1,1,1,20,18,141.709496296667
"B","495","R","495:R",25,683.32649856,"JQ1+RT",1,1,0,NA,29,125.334068166667
"B","495","L","495:L",25,733.8014208,"JQ1+RT",1,1,0,NA,29,415.345269913333
"B","488","R","488:R",25,285.36252804,"JQ1+RT",1,1,0,NA,29,147.9838668
"B","488","L","488:L",25,640.647226583333,"JQ1+RT",1,1,0,NA,29,136.601775
"C","no tag","R","no tag:R",25,829.71721728,"RT",0,1,0,NA,29,104.403139026667
"C","no tag","L","no tag:L",25,253.695242866667,"RT",0,1,0,NA,29,166.587669196667
"C","477","R","477:R",25,NA,"RT",0,1,1,20,18,135.34264128
"C","477","L","477:L",25,NA,"RT",0,1,0,20,18,129.570511683333
"C","424","R","424:R",25,537.700194,"RT",0,1,0,NA,29,199.120074086667
"C","424","L","424:L",25,955.962952,"RT",0,1,0,NA,29,221.350950666667
"C","484","R","484:R",25,NA,"RT",0,1,0,20,18,226.25310192
"C","484","L","484:L",25,NA,"RT",0,1,1,20,18,466.8416352
"C","483","R","483:R",25,1787.63012812,"RT",0,1,0,NA,29,577.04058675
"C","483","L","483:L",25,857.154955946667,"RT",0,1,0,NA,29,51.3227819
"D","479","R","479:R",25,NA,"Vehicle",0,0,0,20,18,408.3685552
"D","479","L","479:L",25,NA,"Vehicle",0,0,1,20,18,402.553141226667
"D","480","R","480:R",25,NA,"Vehicle",0,0,1,20,18,141.47159472
"D","480","L","480:L",25,NA,"Vehicle",0,0,0,20,18,149.943896666667
"D","420","R","420:R",25,NA,"Vehicle",0,0,0,20,18,310.249600746667
"D","420","L","420:L",25,NA,"Vehicle",0,0,1,20,18,133.63076352
"D","423","R","423:R",25,NA,"Vehicle",0,0,0,20,18,160.62553506
"D","423","L","423:L",25,NA,"Vehicle",0,0,1,20,18,263.97274128
"D","422","R","422:R",25,NA,"Vehicle",0,0,1,20,18,174.287274186667
"D","422","L","422:L",25,NA,"Vehicle",0,0,0,20,18,137.41882812
"A","485","R","485:R",27,906.31209136,"JQ1",1,0,0,NA,29,461.43932643
"A","485","L","485:L",27,371.54664027,"JQ1",1,0,0,NA,29,49.9157322
"A","497","R","497:R",27,NA,"JQ1",1,0,1,20,18,137.867365083333
"A","497","L","497:L",27,NA,"JQ1",1,0,0,20,18,246.153972376667
"A","489","R","489:R",27,NA,"JQ1",1,0,1,20,18,117.58668075
"A","489","L","489:L",27,NA,"JQ1",1,0,0,20,18,121.229062433333
"A","487","R","487:R",27,1093.37397408,"JQ1",1,0,0,NA,29,199.789675946667
"A","487","L","487:L",27,1987.49104281667,"JQ1",1,0,0,NA,29,498.17399175
"A","475","R","475:R",27,848.438441546667,"JQ1",1,0,0,NA,29,259.948497916667
"A","475","L","475:L",27,1581.44356044,"JQ1",1,0,0,NA,29,186.22722048
"B","421","R","421:R",27,NA,"JQ1+RT",1,1,1,20,18,453.646552406667
"B","421","L","421:L",27,NA,"JQ1+RT",1,1,0,20,18,228.492141196667
"B","571","R","571:R",27,982.415822863333,"JQ1+RT",1,1,0,NA,29,138.411635413333
"B","571","L","571:L",27,316.071190053333,"JQ1+RT",1,1,0,NA,29,131.5048485
"B","481","R","481:R",27,NA,"JQ1+RT",1,1,0,20,18,362.829528746667
"B","481","L","481:L",27,NA,"JQ1+RT",1,1,1,20,18,141.709496296667
"B","495","R","495:R",27,768.570247253333,"JQ1+RT",1,1,0,NA,29,125.334068166667
"B","495","L","495:L",27,603.1623488,"JQ1+RT",1,1,0,NA,29,415.345269913333
"B","488","R","488:R",27,391.91465376,"JQ1+RT",1,1,0,NA,29,147.9838668
"B","488","L","488:L",27,680.6942868,"JQ1+RT",1,1,0,NA,29,136.601775
"C","no tag","R","no tag:R",27,886.28755776,"RT",0,1,0,NA,29,104.403139026667
"C","no tag","L","no tag:L",27,304.73641125,"RT",0,1,0,NA,29,166.587669196667
"C","477","R","477:R",27,NA,"RT",0,1,1,20,18,135.34264128
"C","477","L","477:L",27,NA,"RT",0,1,0,20,18,129.570511683333
"C","424","R","424:R",27,665.73591084,"RT",0,1,0,NA,29,199.120074086667
"C","424","L","424:L",27,1042.34683050667,"RT",0,1,0,NA,29,221.350950666667
"C","484","R","484:R",27,NA,"RT",0,1,0,20,18,226.25310192
"C","484","L","484:L",27,NA,"RT",0,1,1,20,18,466.8416352
"C","483","R","483:R",27,2128.3085478,"RT",0,1,0,NA,29,577.04058675
"C","483","L","483:L",27,1021.12692716667,"RT",0,1,0,NA,29,51.3227819
"D","479","R","479:R",27,NA,"Vehicle",0,0,0,20,18,408.3685552
"D","479","L","479:L",27,NA,"Vehicle",0,0,1,20,18,402.553141226667
"D","480","R","480:R",27,NA,"Vehicle",0,0,1,20,18,141.47159472
"D","480","L","480:L",27,NA,"Vehicle",0,0,0,20,18,149.943896666667
"D","420","R","420:R",27,NA,"Vehicle",0,0,0,20,18,310.249600746667
"D","420","L","420:L",27,NA,"Vehicle",0,0,1,20,18,133.63076352
"D","423","R","423:R",27,NA,"Vehicle",0,0,0,20,18,160.62553506
"D","423","L","423:L",27,NA,"Vehicle",0,0,1,20,18,263.97274128
"D","422","R","422:R",27,NA,"Vehicle",0,0,1,20,18,174.287274186667
"D","422","L","422:L",27,NA,"Vehicle",0,0,0,20,18,137.41882812
"A","485","R","485:R",29,1118.65778526333,"JQ1",1,0,0,NA,29,461.43932643
"A","485","L","485:L",29,404.179473873333,"JQ1",1,0,0,NA,29,49.9157322
"A","497","R","497:R",29,NA,"JQ1",1,0,1,20,18,137.867365083333
"A","497","L","497:L",29,NA,"JQ1",1,0,0,20,18,246.153972376667
"A","489","R","489:R",29,NA,"JQ1",1,0,1,20,18,117.58668075
"A","489","L","489:L",29,NA,"JQ1",1,0,0,20,18,121.229062433333
"A","487","R","487:R",29,1234.04102334667,"JQ1",1,0,0,NA,29,199.789675946667
"A","487","L","487:L",29,2442.93707532,"JQ1",1,0,0,NA,29,498.17399175
"A","475","R","475:R",29,934.2455031,"JQ1",1,0,0,NA,29,259.948497916667
"A","475","L","475:L",29,1593.09323676,"JQ1",1,0,0,NA,29,186.22722048
"B","421","R","421:R",29,NA,"JQ1+RT",1,1,1,20,18,453.646552406667
"B","421","L","421:L",29,NA,"JQ1+RT",1,1,0,20,18,228.492141196667
"B","571","R","571:R",29,1042.77271760333,"JQ1+RT",1,1,0,NA,29,138.411635413333
"B","571","L","571:L",29,332.371512,"JQ1+RT",1,1,0,NA,29,131.5048485
"B","481","R","481:R",29,NA,"JQ1+RT",1,1,0,20,18,362.829528746667
"B","481","L","481:L",29,NA,"JQ1+RT",1,1,1,20,18,141.709496296667
"B","495","R","495:R",29,903.869177116667,"JQ1+RT",1,1,0,NA,29,125.334068166667
"B","495","L","495:L",29,681.40036604,"JQ1+RT",1,1,0,NA,29,415.345269913333
"B","488","R","488:R",29,453.048668146667,"JQ1+RT",1,1,0,NA,29,147.9838668
"B","488","L","488:L",29,755.779788,"JQ1+RT",1,1,0,NA,29,136.601775
"C","no tag","R","no tag:R",29,1010.90287783333,"RT",0,1,0,NA,29,104.403139026667
"C","no tag","L","no tag:L",29,328.12105728,"RT",0,1,0,NA,29,166.587669196667
"C","477","R","477:R",29,NA,"RT",0,1,1,20,18,135.34264128
"C","477","L","477:L",29,NA,"RT",0,1,0,20,18,129.570511683333
"C","424","R","424:R",29,505.33979517,"RT",0,1,0,NA,29,199.120074086667
"C","424","L","424:L",29,1059.16393365333,"RT",0,1,0,NA,29,221.350950666667
"C","484","R","484:R",29,NA,"RT",0,1,0,20,18,226.25310192
"C","484","L","484:L",29,NA,"RT",0,1,1,20,18,466.8416352
"C","483","R","483:R",29,2213.86333861333,"RT",0,1,0,NA,29,577.04058675
"C","483","L","483:L",29,1215.57695409,"RT",0,1,0,NA,29,51.3227819
"D","479","R","479:R",29,NA,"Vehicle",0,0,0,20,18,408.3685552
"D","479","L","479:L",29,NA,"Vehicle",0,0,1,20,18,402.553141226667
"D","480","R","480:R",29,NA,"Vehicle",0,0,1,20,18,141.47159472
"D","480","L","480:L",29,NA,"Vehicle",0,0,0,20,18,149.943896666667
"D","420","R","420:R",29,NA,"Vehicle",0,0,0,20,18,310.249600746667
"D","420","L","420:L",29,NA,"Vehicle",0,0,1,20,18,133.63076352
"D","423","R","423:R",29,NA,"Vehicle",0,0,0,20,18,160.62553506
"D","423","L","423:L",29,NA,"Vehicle",0,0,1,20,18,263.97274128
"D","422","R","422:R",29,NA,"Vehicle",0,0,1,20,18,174.287274186667
"D","422","L","422:L",29,NA,"Vehicle",0,0,0,20,18,137.41882812
